survey_series_id,survey_series_desc,survey_id,survey_desc,year,fishing_event_id,latitude,longitude,fe_end_deployment_time,fe_begin_retrieval_time,depth_m,hook_code,skate_count,lglsp_hook_count,area_swept_km2,ye_count,dogfish_count
76,Strait of Georgia Dogfish Longline,498,1986 Strait of Georgia Dogfish Longline Survey,1986,3369479,49.185333,-123.301833,10/18/1986 8:45,10/18/1986 10:42,70,3,NA,500,0.011148365,NA,103
76,Strait of Georgia Dogfish Longline,498,1986 Strait of Georgia Dogfish Longline Survey,1986,3369481,49.203166,-123.346166,10/18/1986 12:17,10/18/1986 15:05,188,3,NA,500,0.011148365,NA,185
76,Strait of Georgia Dogfish Longline,498,1986 Strait of Georgia Dogfish Longline Survey,1986,3369484,49.397166,-123.676,10/19/1986 7:36,10/19/1986 9:56,174,3,NA,500,0.011148365,NA,92
76,Strait of Georgia Dogfish Longline,498,1986 Strait of Georgia Dogfish Longline Survey,1986,3369491,49.3625,-124.320833,10/20/1986 9:54,10/20/1986 12:40,124,3,NA,500,0.011148365,NA,86
76,Strait of Georgia Dogfish Longline,498,1986 Strait of Georgia Dogfish Longline Survey,1986,3369493,49.359166,-124.2925,10/20/1986 13:20,10/20/1986 16:35,225,3,NA,500,0.011148365,NA,57
76,Strait of Georgia Dogfish Longline,498,1986 Strait of Georgia Dogfish Longline Survey,1986,3369500,49.483,-124.660166,10/21/1986 15:53,10/21/1986 18:13,97,3,NA,500,0.011148365,10,17
76,Strait of Georgia Dogfish Longline,498,1986 Strait of Georgia Dogfish Longline Survey,1986,3369501,49.635666,-124.641166,10/22/1986 7:31,10/22/1986 9:48,101,3,NA,500,0.011148365,NA,186
76,Strait of Georgia Dogfish Longline,453,2014 Strait of Georgia Dogfish Longline Survey,2014,3420650,49.981766,-125.08665,10/4/2014 9:12,10/4/2014 11:11,236,1,2,300,0.006689019,NA,196
76,Strait of Georgia Dogfish Longline,498,1986 Strait of Georgia Dogfish Longline Survey,1986,3369506,49.674666,-124.623166,10/22/1986 15:02,10/22/1986 17:20,265,3,NA,500,0.011148365,NA,78
76,Strait of Georgia Dogfish Longline,498,1986 Strait of Georgia Dogfish Longline Survey,1986,3369508,49.75,-124.932166,10/23/1986 9:22,10/23/1986 12:15,22,3,NA,500,0.011148365,NA,140
76,Strait of Georgia Dogfish Longline,498,1986 Strait of Georgia Dogfish Longline Survey,1986,3369510,49.819333,-124.886666,10/23/1986 14:10,10/23/1986 16:32,245,3,NA,500,0.011148365,NA,133
76,Strait of Georgia Dogfish Longline,498,1986 Strait of Georgia Dogfish Longline Survey,1986,3369514,49.968833,-125.135333,10/24/1986 9:01,10/24/1986 11:32,137,3,NA,500,0.011148365,NA,168
76,Strait of Georgia Dogfish Longline,498,1986 Strait of Georgia Dogfish Longline Survey,1986,3369516,49.986666,-125.091833,10/24/1986 12:33,10/24/1986 15:00,220,3,NA,500,0.011148365,NA,71
76,Strait of Georgia Dogfish Longline,498,1986 Strait of Georgia Dogfish Longline Survey,1986,3369524,49.700666,-124.302833,10/27/1986 11:38,10/27/1986 14:00,209,3,NA,500,0.011148365,1,84
76,Strait of Georgia Dogfish Longline,498,1986 Strait of Georgia Dogfish Longline Survey,1986,3369526,49.7095,-124.310333,10/27/1986 14:38,10/27/1986 17:22,227,3,NA,500,0.011148365,NA,57
76,Strait of Georgia Dogfish Longline,503,2011 Strait of Georgia Dogfish Longline Survey,2011,4356153,49.981316,-125.101966,10/9/2011 9:13,10/9/2011 11:13,95,1,2,300,0.006689019,NA,144
76,Strait of Georgia Dogfish Longline,503,2011 Strait of Georgia Dogfish Longline Survey,2011,4356156,49.873666,-124.75,10/10/2011 8:02,10/10/2011 10:00,80,1,2,300,0.006689019,NA,73
76,Strait of Georgia Dogfish Longline,503,2011 Strait of Georgia Dogfish Longline Survey,2011,4356146,49.375116,-124.327716,10/7/2011 8:49,10/7/2011 10:49,194,1,2,300,0.006689019,NA,181
76,Strait of Georgia Dogfish Longline,453,2014 Strait of Georgia Dogfish Longline Survey,2014,3420651,49.997266,-125.101066,10/4/2014 12:36,10/4/2014 14:36,186,1,2,300,0.006689019,NA,208
76,Strait of Georgia Dogfish Longline,453,2014 Strait of Georgia Dogfish Longline Survey,2014,3420658,49.783666,-124.836416,10/3/2014 9:43,10/3/2014 11:43,236,1,2,300,0.006689019,NA,193
76,Strait of Georgia Dogfish Longline,453,2014 Strait of Georgia Dogfish Longline Survey,2014,3420660,49.797,-124.92635,10/3/2014 13:45,10/3/2014 15:45,91,1,2,300,0.006689019,1,186
76,Strait of Georgia Dogfish Longline,453,2014 Strait of Georgia Dogfish Longline Survey,2014,3420668,49.191866,-123.2989,10/10/2014 14:15,10/10/2014 16:15,67,1,2,300,0.006689019,NA,NA
76,Strait of Georgia Dogfish Longline,453,2014 Strait of Georgia Dogfish Longline Survey,2014,3420672,49.367116,-123.725433,10/11/2014 8:36,10/11/2014 10:34,183,1,2,299,0.006666722,NA,186
76,Strait of Georgia Dogfish Longline,453,2014 Strait of Georgia Dogfish Longline Survey,2014,3420674,49.342666,-123.747483,10/11/2014 12:47,10/11/2014 14:46,79,1,2,300,0.006689019,NA,186
76,Strait of Georgia Dogfish Longline,453,2014 Strait of Georgia Dogfish Longline Survey,2014,3420677,49.48995,-124.065466,10/7/2014 8:35,10/7/2014 10:32,181,1,2,298,0.006644425,NA,224
76,Strait of Georgia Dogfish Longline,453,2014 Strait of Georgia Dogfish Longline Survey,2014,3420679,49.490166,-124.021316,10/7/2014 12:28,10/7/2014 14:26,100,1,2,300,0.006689019,NA,110
76,Strait of Georgia Dogfish Longline,453,2014 Strait of Georgia Dogfish Longline Survey,2014,3420680,49.384316,-124.334033,10/12/2014 7:45,10/12/2014 9:45,237,1,2,300,0.006689019,NA,220
76,Strait of Georgia Dogfish Longline,453,2014 Strait of Georgia Dogfish Longline Survey,2014,3420682,49.35295,-124.323583,10/12/2014 12:05,10/12/2014 14:04,65,1,2,300,0.006689019,NA,19
76,Strait of Georgia Dogfish Longline,498,1986 Strait of Georgia Dogfish Longline Survey,1986,3369488,49.3255,-123.755166,10/19/1986 14:47,10/19/1986 17:01,302,3,NA,500,0.011148365,NA,143
76,Strait of Georgia Dogfish Longline,498,1986 Strait of Georgia Dogfish Longline Survey,1986,3369490,49.359666,-124.366166,10/20/1986 9:20,10/20/1986 11:39,29,3,NA,500,0.011148365,NA,7
76,Strait of Georgia Dogfish Longline,498,1986 Strait of Georgia Dogfish Longline Survey,1986,3369495,49.375166,-124.2875,10/20/1986 17:08,10/20/1986 19:28,305,3,NA,500,0.011148365,NA,37
76,Strait of Georgia Dogfish Longline,498,1986 Strait of Georgia Dogfish Longline Survey,1986,3369496,49.5365,-124.53,10/21/1986 7:36,10/21/1986 9:53,199,3,NA,500,0.011148365,NA,99
76,Strait of Georgia Dogfish Longline,498,1986 Strait of Georgia Dogfish Longline Survey,1986,3369497,49.536833,-124.578166,10/21/1986 8:24,10/21/1986 11:05,161,3,NA,500,0.011148365,1,85
76,Strait of Georgia Dogfish Longline,498,1986 Strait of Georgia Dogfish Longline Survey,1986,3369498,49.5295,-124.578833,10/21/1986 10:38,10/21/1986 13:14,73,3,NA,500,0.011148365,15,75
76,Strait of Georgia Dogfish Longline,498,1986 Strait of Georgia Dogfish Longline Survey,1986,3369517,49.980666,-125.095833,10/24/1986 13:49,10/24/1986 16:15,177,3,NA,500,0.011148365,2,62
76,Strait of Georgia Dogfish Longline,453,2014 Strait of Georgia Dogfish Longline Survey,2014,3420653,49.8223,-124.734133,10/5/2014 8:19,10/5/2014 10:19,178,1,2,300,0.006689019,NA,187
76,Strait of Georgia Dogfish Longline,453,2014 Strait of Georgia Dogfish Longline Survey,2014,3420654,49.819983,-124.686316,10/5/2014 9:15,10/5/2014 11:15,NA,1,2,300,0.006689019,6,142
76,Strait of Georgia Dogfish Longline,453,2014 Strait of Georgia Dogfish Longline Survey,2014,3420663,49.0699,-123.6073,10/8/2014 13:32,10/8/2014 15:32,76,1,2,300,0.006689019,2,8
76,Strait of Georgia Dogfish Longline,453,2014 Strait of Georgia Dogfish Longline Survey,2014,3420664,49.084316,-123.579416,10/8/2014 14:26,10/8/2014 16:25,228,1,2,300,0.006689019,NA,142
76,Strait of Georgia Dogfish Longline,498,1986 Strait of Georgia Dogfish Longline Survey,1986,3369518,49.888333,-125.045833,10/25/1986 11:50,10/25/1986 14:07,170,3,NA,500,0.011148365,NA,92
76,Strait of Georgia Dogfish Longline,498,1986 Strait of Georgia Dogfish Longline Survey,1986,3369520,49.870666,-125.046166,10/25/1986 14:50,10/25/1986 17:20,106,3,NA,500,0.011148365,NA,84
76,Strait of Georgia Dogfish Longline,498,1986 Strait of Georgia Dogfish Longline Survey,1986,3369522,49.693166,-124.276666,10/27/1986 7:56,10/27/1986 10:17,62,3,NA,500,0.011148365,NA,164
76,Strait of Georgia Dogfish Longline,498,1986 Strait of Georgia Dogfish Longline Survey,1986,3369523,49.687333,-124.295,10/27/1986 8:31,10/27/1986 11:00,154,3,NA,500,0.011148365,2,63
76,Strait of Georgia Dogfish Longline,501,2005 Strait of Georgia Dogfish Longline Survey,2005,4356259,49.18695,-123.346133,NA,10/30/2005 13:38,189,1,2,400,0.008918692,NA,320
76,Strait of Georgia Dogfish Longline,501,2005 Strait of Georgia Dogfish Longline Survey,2005,4356260,49.201966,-123.37425,NA,10/30/2005 15:30,240,1,2,400,0.008918692,NA,293
76,Strait of Georgia Dogfish Longline,503,2011 Strait of Georgia Dogfish Longline Survey,2011,4356147,49.383766,-124.358,10/7/2011 12:55,10/7/2011 14:55,136,1,2,300,0.006689019,NA,157
76,Strait of Georgia Dogfish Longline,503,2011 Strait of Georgia Dogfish Longline Survey,2011,4356172,48.939516,-123.424266,10/14/2011 8:01,10/14/2011 10:04,83,1,2,300,0.006689019,2,160
76,Strait of Georgia Dogfish Longline,503,2011 Strait of Georgia Dogfish Longline Survey,2011,4356173,48.943,-123.412683,10/14/2011 8:45,10/14/2011 10:47,146,1,2,300,0.006689019,NA,238
76,Strait of Georgia Dogfish Longline,503,2011 Strait of Georgia Dogfish Longline Survey,2011,4356175,48.9715,-123.393416,10/14/2011 13:27,10/14/2011 15:27,234,1,2,299,0.006666722,NA,242
76,Strait of Georgia Dogfish Longline,502,2008 Strait of Georgia Dogfish Longline Survey,2008,4356183,49.541333,-124.6233,10/10/2008 14:30,10/10/2008 16:31,50,1,2,300,0.006689019,NA,11
76,Strait of Georgia Dogfish Longline,503,2011 Strait of Georgia Dogfish Longline Survey,2011,4356149,49.696366,-124.253916,10/8/2011 8:25,10/8/2011 10:25,238,1,2,300,0.006689019,3,193
76,Strait of Georgia Dogfish Longline,453,2014 Strait of Georgia Dogfish Longline Survey,2014,3420647,48.955666,-123.4272,10/9/2014 12:15,10/9/2014 14:14,148,1,2,300,0.006689019,NA,155
76,Strait of Georgia Dogfish Longline,453,2014 Strait of Georgia Dogfish Longline Survey,2014,3420648,48.9471,-123.44125,10/9/2014 13:04,10/9/2014 15:04,80,1,2,300,0.006689019,NA,228
76,Strait of Georgia Dogfish Longline,453,2014 Strait of Georgia Dogfish Longline Survey,2014,3420665,49.190666,-123.3464,10/10/2014 8:45,10/10/2014 10:44,190,1,2,300,0.006689019,NA,189
76,Strait of Georgia Dogfish Longline,453,2014 Strait of Georgia Dogfish Longline Survey,2014,3420670,49.184116,-123.77085,10/13/2014 9:00,10/13/2014 10:59,67,1,2,300,0.006689019,NA,13
76,Strait of Georgia Dogfish Longline,453,2014 Strait of Georgia Dogfish Longline Survey,2014,3420687,49.7272,-124.25975,10/6/2014 7:42,10/6/2014 9:42,228,1,2,298,0.006644425,NA,180
76,Strait of Georgia Dogfish Longline,498,1986 Strait of Georgia Dogfish Longline Survey,1986,3369480,49.182,-123.313166,10/18/1986 11:23,10/18/1986 13:43,115,3,NA,500,0.011148365,NA,175
76,Strait of Georgia Dogfish Longline,498,1986 Strait of Georgia Dogfish Longline Survey,1986,3369483,49.235,-123.413333,10/18/1986 16:07,10/18/1986 18:39,267,3,NA,500,0.011148365,NA,119
76,Strait of Georgia Dogfish Longline,498,1986 Strait of Georgia Dogfish Longline Survey,1986,3369485,49.379,-123.742333,10/19/1986 9:16,10/19/1986 11:57,119,3,NA,500,0.011148365,NA,127
76,Strait of Georgia Dogfish Longline,498,1986 Strait of Georgia Dogfish Longline Survey,1986,3369486,49.373833,-123.701,10/19/1986 11:16,10/19/1986 13:43,90,3,NA,500,0.011148365,1,61
76,Strait of Georgia Dogfish Longline,498,1986 Strait of Georgia Dogfish Longline Survey,1986,3369502,49.658,-124.631166,10/22/1986 8:28,10/22/1986 10:52,120,3,NA,500,0.011148365,4,104
76,Strait of Georgia Dogfish Longline,498,1986 Strait of Georgia Dogfish Longline Survey,1986,3369503,49.645166,-124.634833,10/22/1986 10:25,10/22/1986 12:48,51,3,NA,500,0.011148365,6,105
76,Strait of Georgia Dogfish Longline,498,1986 Strait of Georgia Dogfish Longline Survey,1986,3369504,49.670666,-124.6285,10/22/1986 11:55,10/22/1986 14:19,176,3,NA,500,0.011148365,1,94
76,Strait of Georgia Dogfish Longline,453,2014 Strait of Georgia Dogfish Longline Survey,2014,3420655,49.831466,-124.7263,10/5/2014 12:36,10/5/2014 14:36,147,1,2,293,0.006532942,2,166
76,Strait of Georgia Dogfish Longline,453,2014 Strait of Georgia Dogfish Longline Survey,2014,3420661,49.1031,-123.626733,10/8/2014 9:15,10/8/2014 11:14,138,1,2,300,0.006689019,NA,163
76,Strait of Georgia Dogfish Longline,453,2014 Strait of Georgia Dogfish Longline Survey,2014,3420671,49.1966,-123.769633,10/13/2014 11:46,10/13/2014 13:46,188,1,2,300,0.006689019,NA,162
76,Strait of Georgia Dogfish Longline,498,1986 Strait of Georgia Dogfish Longline Survey,1986,3369505,49.661833,-124.654,10/22/1986 13:37,10/22/1986 15:51,20,3,NA,500,0.011148365,NA,26
76,Strait of Georgia Dogfish Longline,498,1986 Strait of Georgia Dogfish Longline Survey,1986,3369511,49.783333,-124.883333,10/23/1986 13:00,10/23/1986 15:15,131,3,NA,500,0.011148365,NA,146
76,Strait of Georgia Dogfish Longline,498,1986 Strait of Georgia Dogfish Longline Survey,1986,3369512,49.783333,-124.889833,10/23/1986 15:54,10/23/1986 18:12,102,3,NA,500,0.011148365,NA,116
76,Strait of Georgia Dogfish Longline,498,1986 Strait of Georgia Dogfish Longline Survey,1986,3369513,49.9855,-125.118,10/24/1986 8:05,10/24/1986 10:20,22,3,NA,500,0.011148365,NA,229
76,Strait of Georgia Dogfish Longline,498,1986 Strait of Georgia Dogfish Longline Survey,1986,3369525,49.766333,-124.329166,10/27/1986 12:25,10/27/1986 15:26,16,3,NA,500,0.011148365,NA,11
76,Strait of Georgia Dogfish Longline,503,2011 Strait of Georgia Dogfish Longline Survey,2011,4356154,49.990383,-125.096616,10/9/2011 12:37,10/9/2011 14:35,190,1,2,300,0.006689019,NA,169
76,Strait of Georgia Dogfish Longline,503,2011 Strait of Georgia Dogfish Longline Survey,2011,4356157,49.850733,-124.727633,10/10/2011 8:58,10/10/2011 10:57,140,1,2,300,0.006689019,1,204
76,Strait of Georgia Dogfish Longline,503,2011 Strait of Georgia Dogfish Longline Survey,2011,4356161,49.740983,-124.824466,10/11/2011 9:11,10/11/2011 11:11,145,1,2,300,0.006689019,NA,222
76,Strait of Georgia Dogfish Longline,503,2011 Strait of Georgia Dogfish Longline Survey,2011,4356162,49.7237,-124.783783,10/11/2011 12:47,10/11/2011 14:46,232,1,2,300,0.006689019,NA,234
76,Strait of Georgia Dogfish Longline,503,2011 Strait of Georgia Dogfish Longline Survey,2011,4356166,49.486883,-124.0348,10/12/2011 12:30,10/12/2011 14:33,91,1,2,300,0.006689019,3,100
76,Strait of Georgia Dogfish Longline,503,2011 Strait of Georgia Dogfish Longline Survey,2011,4356171,49.049966,-123.595083,10/13/2011 14:05,10/13/2011 16:05,87,1,2,299,0.006666722,2,85
76,Strait of Georgia Dogfish Longline,503,2011 Strait of Georgia Dogfish Longline Survey,2011,4356178,49.180166,-123.349966,10/15/2011 12:07,10/15/2011 14:10,193,1,2,300,0.006689019,NA,230
76,Strait of Georgia Dogfish Longline,503,2011 Strait of Georgia Dogfish Longline Survey,2011,4356179,49.1839,-123.376216,10/15/2011 12:53,10/15/2011 14:53,240,1,2,300,0.006689019,NA,245
76,Strait of Georgia Dogfish Longline,503,2011 Strait of Georgia Dogfish Longline Survey,2011,4356151,49.69765,-124.28415,10/8/2011 13:25,10/8/2011 15:26,97,1,2,300,0.006689019,NA,157
76,Strait of Georgia Dogfish Longline,453,2014 Strait of Georgia Dogfish Longline Survey,2014,3420673,49.35895,-123.7492,10/11/2014 9:27,10/11/2014 11:27,135,1,2,300,0.006689019,2,151
76,Strait of Georgia Dogfish Longline,453,2014 Strait of Georgia Dogfish Longline Survey,2014,3420675,49.345666,-123.77435,10/11/2014 13:36,10/11/2014 15:36,244,1,2,300,0.006689019,NA,233
76,Strait of Georgia Dogfish Longline,453,2014 Strait of Georgia Dogfish Longline Survey,2014,3420676,49.506583,-124.06155,10/7/2014 7:50,10/7/2014 9:49,159,1,2,287,0.0063991610000000004,NA,222
76,Strait of Georgia Dogfish Longline,453,2014 Strait of Georgia Dogfish Longline Survey,2014,3420678,49.475333,-124.0516,10/7/2014 11:28,10/7/2014 13:27,234,1,2,300,0.006689019,NA,233
76,Strait of Georgia Dogfish Longline,498,1986 Strait of Georgia Dogfish Longline Survey,1986,3369478,49.165833,-123.2965,10/18/1986 7:43,10/18/1986 9:58,44,3,NA,500,0.011148365,NA,113
76,Strait of Georgia Dogfish Longline,498,1986 Strait of Georgia Dogfish Longline Survey,1986,3369482,49.183,-123.302333,10/18/1986 14:30,10/18/1986 17:18,91,3,NA,500,0.011148365,NA,120
76,Strait of Georgia Dogfish Longline,498,1986 Strait of Georgia Dogfish Longline Survey,1986,3369487,49.335,-123.724166,10/19/1986 12:56,10/19/1986 15:12,24,3,NA,500,0.011148365,NA,239
76,Strait of Georgia Dogfish Longline,498,1986 Strait of Georgia Dogfish Longline Survey,1986,3369489,49.374,-123.701833,10/19/1986 16:10,10/19/1986 18:30,122,3,NA,500,0.011148365,1,82
76,Strait of Georgia Dogfish Longline,498,1986 Strait of Georgia Dogfish Longline Survey,1986,3369492,49.357,-124.347166,10/20/1986 12:13,10/20/1986 14:39,62,3,NA,500,0.011148365,NA,13
76,Strait of Georgia Dogfish Longline,498,1986 Strait of Georgia Dogfish Longline Survey,1986,3369494,49.386333,-124.340833,10/20/1986 15:27,10/20/1986 17:43,256,3,NA,500,0.011148365,NA,43
76,Strait of Georgia Dogfish Longline,498,1986 Strait of Georgia Dogfish Longline Survey,1986,3369499,49.522833,-124.5815,10/21/1986 11:47,10/21/1986 14:06,5,3,NA,500,0.011148365,NA,93
76,Strait of Georgia Dogfish Longline,453,2014 Strait of Georgia Dogfish Longline Survey,2014,3420649,49.976866,-125.115183,10/4/2014 8:13,10/4/2014 10:12,84,1,2,300,0.006689019,2,129
76,Strait of Georgia Dogfish Longline,453,2014 Strait of Georgia Dogfish Longline Survey,2014,3420652,49.99975,-125.1218,10/4/2014 13:28,10/4/2014 15:30,128,1,2,300,0.006689019,1,79
76,Strait of Georgia Dogfish Longline,453,2014 Strait of Georgia Dogfish Longline Survey,2014,3420656,49.809733,-124.7519,10/5/2014 13:24,10/5/2014 15:25,235,1,2,300,0.006689019,NA,210
76,Strait of Georgia Dogfish Longline,498,1986 Strait of Georgia Dogfish Longline Survey,1986,3369507,49.769166,-124.889833,10/23/1986 8:13,10/23/1986 10:33,75,3,NA,500,0.011148365,NA,89
76,Strait of Georgia Dogfish Longline,498,1986 Strait of Georgia Dogfish Longline Survey,1986,3369509,49.783333,-124.8745,10/23/1986 11:15,10/23/1986 13:35,170,3,NA,500,0.011148365,NA,120
76,Strait of Georgia Dogfish Longline,498,1986 Strait of Georgia Dogfish Longline Survey,1986,3369515,49.9845,-125.105166,10/24/1986 11:01,10/24/1986 13:17,66,3,NA,500,0.011148365,NA,109
76,Strait of Georgia Dogfish Longline,498,1986 Strait of Georgia Dogfish Longline Survey,1986,3369519,49.866,-125.026,10/25/1986 12:35,10/25/1986 15:20,165,3,NA,500,0.011148365,NA,130
76,Strait of Georgia Dogfish Longline,498,1986 Strait of Georgia Dogfish Longline Survey,1986,3369521,49.8295,-125.029833,10/25/1986 16:04,10/25/1986 18:22,24,3,NA,500,0.011148365,NA,132
76,Strait of Georgia Dogfish Longline,503,2011 Strait of Georgia Dogfish Longline Survey,2011,4356145,49.384833,-124.3357,10/7/2011 7:49,10/7/2011 9:50,236,1,2,300,0.006689019,NA,169
76,Strait of Georgia Dogfish Longline,503,2011 Strait of Georgia Dogfish Longline Survey,2011,4356155,49.9823,-125.083566,10/9/2011 13:25,10/9/2011 15:25,250,1,2,300,0.006689019,NA,209
76,Strait of Georgia Dogfish Longline,503,2011 Strait of Georgia Dogfish Longline Survey,2011,4356159,49.8031,-124.736483,10/10/2011 13:23,10/10/2011 15:22,223,1,2,297,0.006622129,NA,220
76,Strait of Georgia Dogfish Longline,503,2011 Strait of Georgia Dogfish Longline Survey,2011,4356163,49.711533,-124.7811,10/11/2011 13:30,10/11/2011 15:13,186,1,2,300,0.006689019,NA,243
76,Strait of Georgia Dogfish Longline,503,2011 Strait of Georgia Dogfish Longline Survey,2011,4356148,49.360333,-124.335,10/7/2011 13:46,10/7/2011 15:49,88,1,2,300,0.006689019,NA,181
76,Strait of Georgia Dogfish Longline,503,2011 Strait of Georgia Dogfish Longline Survey,2011,4356150,49.694133,-124.298316,10/8/2011 9:20,10/8/2011 11:45,183,1,2,300,0.006689019,NA,217
76,Strait of Georgia Dogfish Longline,503,2011 Strait of Georgia Dogfish Longline Survey,2011,4356152,49.98375,-125.113283,10/9/2011 8:11,10/9/2011 10:12,132,1,2,300,0.006689019,2,187
76,Strait of Georgia Dogfish Longline,453,2014 Strait of Georgia Dogfish Longline Survey,2014,3420657,49.7718,-124.859516,10/3/2014 8:24,10/3/2014 10:20,137,1,2,300,0.006689019,NA,186
76,Strait of Georgia Dogfish Longline,453,2014 Strait of Georgia Dogfish Longline Survey,2014,3420659,49.802433,-124.880983,10/3/2014 12:42,10/3/2014 14:41,178,1,2,300,0.006689019,NA,216
76,Strait of Georgia Dogfish Longline,453,2014 Strait of Georgia Dogfish Longline Survey,2014,3420662,49.0934,-123.609616,10/8/2014 10:02,10/8/2014 12:02,201,1,2,298,0.006644425,NA,185
76,Strait of Georgia Dogfish Longline,453,2014 Strait of Georgia Dogfish Longline Survey,2014,3420666,49.192416,-123.362116,10/10/2014 9:35,10/10/2014 11:39,221,1,2,300,0.006689019,NA,173
76,Strait of Georgia Dogfish Longline,453,2014 Strait of Georgia Dogfish Longline Survey,2014,3420667,49.181433,-123.316533,10/10/2014 13:11,10/10/2014 15:11,130,1,2,300,0.006689019,NA,150
76,Strait of Georgia Dogfish Longline,453,2014 Strait of Georgia Dogfish Longline Survey,2014,3420669,49.1915,-123.779583,10/13/2014 8:13,10/13/2014 10:13,139,1,2,300,0.006689019,NA,76
76,Strait of Georgia Dogfish Longline,453,2014 Strait of Georgia Dogfish Longline Survey,2014,3420681,49.380316,-124.339066,10/12/2014 8:33,10/12/2014 10:33,179,1,2,300,0.006689019,NA,196
76,Strait of Georgia Dogfish Longline,453,2014 Strait of Georgia Dogfish Longline Survey,2014,3420683,49.341733,-124.276533,10/12/2014 12:56,10/12/2014 14:55,122,1,2,300,0.006689019,NA,16
76,Strait of Georgia Dogfish Longline,453,2014 Strait of Georgia Dogfish Longline Survey,2014,3420690,49.7034,-124.300483,10/6/2014 13:07,10/6/2014 15:06,194,1,2,300,0.006689019,1,212
76,Strait of Georgia Dogfish Longline,501,2005 Strait of Georgia Dogfish Longline Survey,2005,4356249,49.08375,-123.597233,NA,10/27/2005 10:32,229,1,2,400,0.008918692,NA,318
76,Strait of Georgia Dogfish Longline,501,2005 Strait of Georgia Dogfish Longline Survey,2005,4356246,49.492033,-124.05225,NA,10/24/2005 10:58,150,1,2,500,0.011148365,NA,362
76,Strait of Georgia Dogfish Longline,501,2005 Strait of Georgia Dogfish Longline Survey,2005,4356252,48.99965,-123.5443,NA,10/27/2005 16:44,92,1,2,400,0.008918692,NA,265
76,Strait of Georgia Dogfish Longline,501,2005 Strait of Georgia Dogfish Longline Survey,2005,4356255,48.93815,-123.405466,NA,10/28/2005 15:37,160,1,2,400,0.008918692,1,311
76,Strait of Georgia Dogfish Longline,501,2005 Strait of Georgia Dogfish Longline Survey,2005,4356257,49.173916,-123.305983,NA,10/30/2005 9:05,102,1,2,400,0.008918692,NA,225
76,Strait of Georgia Dogfish Longline,501,2005 Strait of Georgia Dogfish Longline Survey,2005,4356264,49.3795,-124.347016,NA,10/31/2005 15:35,145,1,2,400,0.008918692,2,91
76,Strait of Georgia Dogfish Longline,503,2011 Strait of Georgia Dogfish Longline Survey,2011,4356165,49.473933,-124.043033,10/12/2011 8:49,10/12/2011 10:48,184,1,2,300,0.006689019,NA,247
76,Strait of Georgia Dogfish Longline,503,2011 Strait of Georgia Dogfish Longline Survey,2011,4356169,49.078516,-123.603016,10/13/2011 9:22,10/13/2011 11:46,193,1,2,300,0.006689019,NA,227
76,Strait of Georgia Dogfish Longline,503,2011 Strait of Georgia Dogfish Longline Survey,2011,4356174,48.95945,-123.403166,10/14/2011 12:35,10/14/2011 14:35,193,1,2,300,0.006689019,NA,227
76,Strait of Georgia Dogfish Longline,503,2011 Strait of Georgia Dogfish Longline Survey,2011,4356177,49.145283,-123.327,10/15/2011 8:37,10/15/2011 10:32,140,1,2,300,0.006689019,NA,199
76,Strait of Georgia Dogfish Longline,502,2008 Strait of Georgia Dogfish Longline Survey,2008,4356182,49.541016,-124.619266,10/10/2008 13:30,10/10/2008 15:31,77,1,2,300,0.006689019,2,31
76,Strait of Georgia Dogfish Longline,502,2008 Strait of Georgia Dogfish Longline Survey,2008,4356186,49.75,-124.925166,11/10/2008 13:30,11/10/2008 15:28,30,1,2,300,0.006689019,NA,24
76,Strait of Georgia Dogfish Longline,502,2008 Strait of Georgia Dogfish Longline Survey,2008,4356191,49.9956,-125.109166,10/13/2008 9:46,10/13/2008 11:46,157,1,2,300,0.006689019,NA,178
76,Strait of Georgia Dogfish Longline,502,2008 Strait of Georgia Dogfish Longline Survey,2008,4356194,49.840366,-124.737833,10/14/2008 9:08,10/14/2008 11:15,161,1,2,300,0.006689019,1,173
76,Strait of Georgia Dogfish Longline,502,2008 Strait of Georgia Dogfish Longline Survey,2008,4356196,49.823783,-124.742,10/14/2008 13:48,10/14/2008 15:48,183,1,2,300,0.006689019,1,172
76,Strait of Georgia Dogfish Longline,502,2008 Strait of Georgia Dogfish Longline Survey,2008,4356204,49.494416,-124.055816,10/17/2008 15:03,10/17/2008 17:02,154,1,2,300,0.006689019,2,94
76,Strait of Georgia Dogfish Longline,502,2008 Strait of Georgia Dogfish Longline Survey,2008,4356206,49.390066,-124.350583,10/18/2008 8:50,10/18/2008 11:01,250,1,2,300,0.006689019,NA,197
76,Strait of Georgia Dogfish Longline,502,2008 Strait of Georgia Dogfish Longline Survey,2008,4356209,49.02175,-123.530816,10/19/2008 8:36,10/19/2008 10:35,188,1,2,300,0.006689019,NA,193
76,Strait of Georgia Dogfish Longline,502,2008 Strait of Georgia Dogfish Longline Survey,2008,4356215,48.93125,-123.40475,10/20/2008 13:00,10/20/2008 14:57,87,1,2,300,0.006689019,NA,7
76,Strait of Georgia Dogfish Longline,501,2005 Strait of Georgia Dogfish Longline Survey,2005,4356228,49.5472,-124.642333,NA,10/19/2005 16:30,45,1,2,500,0.011148365,1,121
76,Strait of Georgia Dogfish Longline,501,2005 Strait of Georgia Dogfish Longline Survey,2005,4356229,49.782566,-124.83705,NA,10/20/2005 9:33,230,1,2,492,0.010969991,NA,346
76,Strait of Georgia Dogfish Longline,501,2005 Strait of Georgia Dogfish Longline Survey,2005,4356235,49.814183,-124.758483,NA,10/21/2005 14:50,193,1,2,487,0.010858507,NA,370
76,Strait of Georgia Dogfish Longline,453,2014 Strait of Georgia Dogfish Longline Survey,2014,3420646,48.9736,-123.403683,10/9/2014 8:51,10/9/2014 10:52,230,1,2,297,0.006622129,NA,198
76,Strait of Georgia Dogfish Longline,499,1989 Strait of Georgia Dogfish Longline Survey,1989,3369577,49.689333,-124.645,10/17/1989 12:23,10/17/1989 15:00,274,3,NA,500,0.011148365,NA,127
76,Strait of Georgia Dogfish Longline,453,2014 Strait of Georgia Dogfish Longline Survey,2014,3420684,49.52695,-124.571166,10/2/2014 7:51,10/2/2014 9:54,71,1,2,300,0.006689019,5,7
76,Strait of Georgia Dogfish Longline,453,2014 Strait of Georgia Dogfish Longline Survey,2014,3420686,49.564283,-124.632733,10/2/2014 12:45,10/2/2014 14:51,144,1,2,294,0.006555239,NA,185
76,Strait of Georgia Dogfish Longline,453,2014 Strait of Georgia Dogfish Longline Survey,2014,3420689,49.7085,-124.286216,10/6/2014 12:18,10/6/2014 14:18,95,1,2,300,0.006689019,3,15
76,Strait of Georgia Dogfish Longline,501,2005 Strait of Georgia Dogfish Longline Survey,2005,4356243,49.716833,-124.3136,NA,10/23/2005 15:12,284,1,2,500,0.011148365,NA,360
76,Strait of Georgia Dogfish Longline,501,2005 Strait of Georgia Dogfish Longline Survey,2005,4356247,49.504216,-124.051966,NA,10/24/2005 14:48,80,1,2,500,0.011148365,2,6
76,Strait of Georgia Dogfish Longline,501,2005 Strait of Georgia Dogfish Longline Survey,2005,4356248,49.476933,-124.052766,NA,10/24/2005 16:22,230,1,2,500,0.011148365,NA,386
76,Strait of Georgia Dogfish Longline,501,2005 Strait of Georgia Dogfish Longline Survey,2005,4356256,48.940266,-123.422,NA,10/28/2005 16:35,104,1,2,400,0.008918692,NA,238
76,Strait of Georgia Dogfish Longline,501,2005 Strait of Georgia Dogfish Longline Survey,2005,4356258,49.174483,-123.328083,NA,10/30/2005 10:15,153,1,2,400,0.008918692,NA,316
76,Strait of Georgia Dogfish Longline,503,2011 Strait of Georgia Dogfish Longline Survey,2011,4356158,49.819383,-124.732516,10/10/2011 12:32,10/10/2011 14:31,183,1,2,300,0.006689019,NA,202
76,Strait of Georgia Dogfish Longline,503,2011 Strait of Georgia Dogfish Longline Survey,2011,4356160,49.743116,-124.84825,10/11/2011 8:21,10/11/2011 10:20,93,1,2,300,0.006689019,NA,227
76,Strait of Georgia Dogfish Longline,503,2011 Strait of Georgia Dogfish Longline Survey,2011,4356164,49.4795,-124.059583,10/12/2011 7:58,10/12/2011 10:00,235,1,2,300,0.006689019,NA,236
76,Strait of Georgia Dogfish Longline,503,2011 Strait of Georgia Dogfish Longline Survey,2011,4356167,49.478883,-124.03145,10/12/2011 13:15,10/12/2011 15:15,142,1,2,300,0.006689019,NA,222
76,Strait of Georgia Dogfish Longline,503,2011 Strait of Georgia Dogfish Longline Survey,2011,4356168,49.090733,-123.583,10/13/2011 8:37,10/13/2011 10:34,230,1,2,293,0.006532942,NA,208
76,Strait of Georgia Dogfish Longline,503,2011 Strait of Georgia Dogfish Longline Survey,2011,4356170,49.063616,-123.598183,10/13/2011 13:21,10/13/2011 15:21,138,1,2,299,0.006666722,NA,182
76,Strait of Georgia Dogfish Longline,503,2011 Strait of Georgia Dogfish Longline Survey,2011,4356176,49.139933,-123.307166,10/15/2011 7:51,10/15/2011 9:49,88,1,2,300,0.006689019,NA,66
76,Strait of Georgia Dogfish Longline,502,2008 Strait of Georgia Dogfish Longline Survey,2008,4356180,49.5439,-124.606933,10/10/2008 8:18,10/10/2008 10:17,126,1,2,300,0.006689019,NA,116
76,Strait of Georgia Dogfish Longline,502,2008 Strait of Georgia Dogfish Longline Survey,2008,4356181,49.557783,-124.584716,10/10/2008 9:21,10/10/2008 11:30,177,1,2,300,0.006689019,NA,172
76,Strait of Georgia Dogfish Longline,501,2005 Strait of Georgia Dogfish Longline Survey,2005,4356234,49.82885,-124.7308,NA,10/21/2005 11:00,158,1,2,500,0.011148365,1,368
76,Strait of Georgia Dogfish Longline,501,2005 Strait of Georgia Dogfish Longline Survey,2005,4356236,49.857916,-124.753483,NA,10/21/2005 16:00,75,1,2,500,0.011148365,4,110
76,Strait of Georgia Dogfish Longline,501,2005 Strait of Georgia Dogfish Longline Survey,2005,4356239,49.979716,-125.110083,NA,10/22/2005 14:49,246,1,2,500,0.011148365,1,206
76,Strait of Georgia Dogfish Longline,499,1989 Strait of Georgia Dogfish Longline Survey,1989,3369578,49.641666,-124.607166,10/17/1989 14:05,10/17/1989 16:48,112,3,NA,500,0.011148365,10,164
76,Strait of Georgia Dogfish Longline,499,1989 Strait of Georgia Dogfish Longline Survey,1989,3369580,49.8275,-124.772666,10/18/1989 7:30,10/18/1989 9:45,201,3,NA,500,0.011148365,1,106
76,Strait of Georgia Dogfish Longline,499,1989 Strait of Georgia Dogfish Longline Survey,1989,3369586,49.713666,-124.3175,10/19/1989 10:43,10/19/1989 12:50,275,3,NA,500,0.011148365,1,106
76,Strait of Georgia Dogfish Longline,499,1989 Strait of Georgia Dogfish Longline Survey,1989,3369588,49.711833,-124.306833,10/19/1989 13:41,10/19/1989 16:05,181,3,NA,500,0.011148365,1,130
76,Strait of Georgia Dogfish Longline,499,1989 Strait of Georgia Dogfish Longline Survey,1989,3369591,49.9815,-125.110833,10/22/1989 13:14,10/22/1989 15:56,51,3,NA,500,0.011148365,NA,178
76,Strait of Georgia Dogfish Longline,499,1989 Strait of Georgia Dogfish Longline Survey,1989,3369593,49.991833,-125.113166,10/22/1989 16:47,10/22/1989 18:49,64,3,NA,500,0.011148365,NA,228
76,Strait of Georgia Dogfish Longline,499,1989 Strait of Georgia Dogfish Longline Survey,1989,3369596,49.8735,-125.015166,10/23/1989 11:36,10/23/1989 13:52,240,3,NA,500,0.011148365,NA,182
76,Strait of Georgia Dogfish Longline,499,1989 Strait of Georgia Dogfish Longline Survey,1989,3369600,49.784,-124.875833,10/24/1989 8:57,10/24/1989 11:33,146,3,NA,500,0.011148365,NA,96
76,Strait of Georgia Dogfish Longline,453,2014 Strait of Georgia Dogfish Longline Survey,2014,3420688,49.724983,-124.28465,10/6/2014 8:31,10/6/2014 10:29,161,1,2,300,0.006689019,6,137
76,Strait of Georgia Dogfish Longline,499,1989 Strait of Georgia Dogfish Longline Survey,1989,3369576,49.648166,-124.6295,10/17/1989 10:30,10/17/1989 13:05,67,3,NA,500,0.011148365,4,161
76,Strait of Georgia Dogfish Longline,499,1989 Strait of Georgia Dogfish Longline Survey,1989,3369584,49.8635,-124.762666,10/18/1989 15:19,10/18/1989 19:00,53,3,NA,500,0.011148365,1,79
76,Strait of Georgia Dogfish Longline,501,2005 Strait of Georgia Dogfish Longline Survey,2005,4356240,49.988016,-125.101516,NA,10/22/2005 16:12,159,1,2,500,0.011148365,NA,340
76,Strait of Georgia Dogfish Longline,501,2005 Strait of Georgia Dogfish Longline Survey,2005,4356241,49.704983,-124.283883,NA,10/23/2005 9:50,87,1,2,500,0.011148365,1,91
76,Strait of Georgia Dogfish Longline,501,2005 Strait of Georgia Dogfish Longline Survey,2005,4356242,49.70815,-124.292366,NA,10/23/2005 11:22,119,1,2,500,0.011148365,1,278
76,Strait of Georgia Dogfish Longline,501,2005 Strait of Georgia Dogfish Longline Survey,2005,4356251,49.023766,-123.533616,NA,10/27/2005 15:49,191,1,2,400,0.008918692,NA,295
76,Strait of Georgia Dogfish Longline,501,2005 Strait of Georgia Dogfish Longline Survey,2005,4356262,49.377516,-124.327733,NA,10/31/2005 11:16,208,1,2,400,0.008918692,NA,272
76,Strait of Georgia Dogfish Longline,501,2005 Strait of Georgia Dogfish Longline Survey,2005,4356263,49.384966,-124.328616,NA,10/31/2005 14:47,259,1,2,400,0.008918692,NA,294
76,Strait of Georgia Dogfish Longline,502,2008 Strait of Georgia Dogfish Longline Survey,2008,4356189,49.976283,-125.115666,10/12/2008 13:55,10/12/2008 15:55,88,1,2,300,0.006689019,NA,55
76,Strait of Georgia Dogfish Longline,502,2008 Strait of Georgia Dogfish Longline Survey,2008,4356190,49.988533,-125.096466,10/13/2008 8:45,10/13/2008 10:45,183,1,2,300,0.006689019,NA,185
76,Strait of Georgia Dogfish Longline,502,2008 Strait of Georgia Dogfish Longline Survey,2008,4356192,49.994283,-125.091133,10/13/2008 13:07,10/13/2008 15:07,258,1,2,299,0.006666722,NA,173
76,Strait of Georgia Dogfish Longline,502,2008 Strait of Georgia Dogfish Longline Survey,2008,4356219,49.18815,-123.3447,10/21/2008 13:19,10/21/2008 15:18,188,1,2,300,0.006689019,NA,192
76,Strait of Georgia Dogfish Longline,501,2005 Strait of Georgia Dogfish Longline Survey,2005,4356230,49.789166,-124.857916,NA,10/20/2005 10:40,183,1,2,508,0.011326739,NA,395
76,Strait of Georgia Dogfish Longline,501,2005 Strait of Georgia Dogfish Longline Survey,2005,4356231,49.79615,-124.879383,NA,10/20/2005 14:32,157,1,2,500,0.011148365,NA,333
76,Strait of Georgia Dogfish Longline,501,2005 Strait of Georgia Dogfish Longline Survey,2005,4356232,49.772916,-124.899083,NA,10/20/2005 15:32,74,1,2,500,0.011148365,NA,278
76,Strait of Georgia Dogfish Longline,501,2005 Strait of Georgia Dogfish Longline Survey,2005,4356238,49.982383,-125.093483,NA,10/22/2005 10:55,192,1,2,500,0.011148365,5,355
76,Strait of Georgia Dogfish Longline,499,1989 Strait of Georgia Dogfish Longline Survey,1989,3369571,49.546166,-124.636833,10/16/1989 11:16,10/16/1989 13:38,71,3,NA,500,0.011148365,5,83
76,Strait of Georgia Dogfish Longline,499,1989 Strait of Georgia Dogfish Longline Survey,1989,3369572,49.576666,-124.613,10/16/1989 13:00,10/16/1989 15:36,174,3,NA,500,0.011148365,NA,122
76,Strait of Georgia Dogfish Longline,499,1989 Strait of Georgia Dogfish Longline Survey,1989,3369574,49.648666,-124.631833,10/17/1989 7:27,10/17/1989 9:32,51,3,NA,500,0.011148365,6,153
76,Strait of Georgia Dogfish Longline,499,1989 Strait of Georgia Dogfish Longline Survey,1989,3369546,49.000833,-123.550833,10/11/1989 9:10,10/11/1989 12:20,44,3,NA,500,0.011148365,4,28
76,Strait of Georgia Dogfish Longline,499,1989 Strait of Georgia Dogfish Longline Survey,1989,3369547,49.041,-123.583,10/11/1989 11:30,10/11/1989 13:50,121,3,NA,500,0.011148365,8,167
76,Strait of Georgia Dogfish Longline,499,1989 Strait of Georgia Dogfish Longline Survey,1989,3369548,49.0105,-123.537833,10/11/1989 13:20,10/11/1989 15:40,73,3,NA,500,0.011148365,1,175
76,Strait of Georgia Dogfish Longline,498,1986 Strait of Georgia Dogfish Longline Survey,1986,3369528,49.852833,-124.7425,10/28/1986 6:42,10/28/1986 9:02,135,3,NA,500,0.011148365,2,150
76,Strait of Georgia Dogfish Longline,498,1986 Strait of Georgia Dogfish Longline Survey,1986,3369532,49.794833,-124.802666,10/28/1986 14:30,10/28/1986 16:56,348,3,NA,500,0.011148365,NA,97
76,Strait of Georgia Dogfish Longline,498,1986 Strait of Georgia Dogfish Longline Survey,1986,3369533,49.5185,-124.045166,10/29/1986 6:59,10/29/1986 9:16,27,3,NA,500,0.011148365,NA,231
76,Strait of Georgia Dogfish Longline,498,1986 Strait of Georgia Dogfish Longline Survey,1986,3369534,49.484333,-124.051,10/29/1986 8:00,10/29/1986 10:25,161,3,NA,500,0.011148365,1,87
76,Strait of Georgia Dogfish Longline,498,1986 Strait of Georgia Dogfish Longline Survey,1986,3369535,49.479333,-124.055,10/29/1986 10:07,10/29/1986 12:35,188,3,NA,500,0.011148365,NA,47
76,Strait of Georgia Dogfish Longline,499,1989 Strait of Georgia Dogfish Longline Survey,1989,3369605,49.471666,-124.05,10/25/1989 9:42,10/25/1989 12:10,245,3,NA,500,0.011148365,NA,149
76,Strait of Georgia Dogfish Longline,499,1989 Strait of Georgia Dogfish Longline Survey,1989,3369607,49.4705,-124.037166,10/25/1989 13:20,10/25/1989 16:00,172,3,NA,500,0.011148365,NA,133
76,Strait of Georgia Dogfish Longline,499,1989 Strait of Georgia Dogfish Longline Survey,1989,3369609,49.201666,-123.768333,10/26/1989 11:21,10/26/1989 13:30,194,3,NA,500,0.011148365,NA,218
76,Strait of Georgia Dogfish Longline,498,1986 Strait of Georgia Dogfish Longline Survey,1986,3369465,49.183333,-123.787333,10/15/1986 11:38,10/15/1986 14:18,54,3,NA,500,0.011148365,NA,101
76,Strait of Georgia Dogfish Longline,498,1986 Strait of Georgia Dogfish Longline Survey,1986,3369466,49.172666,-123.784333,10/15/1986 12:55,10/15/1986 15:55,9,3,NA,500,0.011148365,NA,31
76,Strait of Georgia Dogfish Longline,498,1986 Strait of Georgia Dogfish Longline Survey,1986,3369475,48.925833,-123.384166,10/17/1986 11:31,10/17/1986 13:52,161,3,NA,500,0.011148365,NA,126
76,Strait of Georgia Dogfish Longline,498,1986 Strait of Georgia Dogfish Longline Survey,1986,3369476,48.932666,-123.3555,10/17/1986 12:17,10/17/1986 14:38,183,3,NA,500,0.011148365,NA,158
76,Strait of Georgia Dogfish Longline,502,2008 Strait of Georgia Dogfish Longline Survey,2008,4356184,49.79075,-124.845,11/10/2008 8:39,11/10/2008 10:39,240,1,2,300,0.006689019,NA,217
76,Strait of Georgia Dogfish Longline,502,2008 Strait of Georgia Dogfish Longline Survey,2008,4356185,49.788216,-124.855616,11/10/2008 9:38,11/10/2008 11:38,181,1,2,300,0.006689019,NA,184
76,Strait of Georgia Dogfish Longline,502,2008 Strait of Georgia Dogfish Longline Survey,2008,4356193,49.862083,-124.773666,10/14/2008 8:21,10/14/2008 10:20,80,1,2,300,0.006689019,5,86
76,Strait of Georgia Dogfish Longline,502,2008 Strait of Georgia Dogfish Longline Survey,2008,4356195,49.8162,-124.766666,10/14/2008 12:54,10/14/2008 14:54,222,1,2,300,0.006689019,NA,167
76,Strait of Georgia Dogfish Longline,502,2008 Strait of Georgia Dogfish Longline Survey,2008,4356200,49.693433,-124.278883,10/15/2008 12:08,10/15/2008 14:08,80,1,2,300,0.006689019,5,30
76,Strait of Georgia Dogfish Longline,502,2008 Strait of Georgia Dogfish Longline Survey,2008,4356203,49.492766,-124.042016,10/17/2008 14:14,10/17/2008 16:12,88,1,2,300,0.006689019,NA,2
76,Strait of Georgia Dogfish Longline,502,2008 Strait of Georgia Dogfish Longline Survey,2008,4356205,49.356916,-124.328266,10/18/2008 7:56,10/18/2008 9:57,68,1,2,300,0.006689019,NA,145
76,Strait of Georgia Dogfish Longline,502,2008 Strait of Georgia Dogfish Longline Survey,2008,4356210,48.988766,-123.527583,10/19/2008 9:40,10/19/2008 11:37,90,1,2,300,0.006689019,NA,53
76,Strait of Georgia Dogfish Longline,502,2008 Strait of Georgia Dogfish Longline Survey,2008,4356214,48.921233,-123.328633,10/20/2008 9:29,10/20/2008 11:26,190,1,2,300,0.006689019,NA,210
76,Strait of Georgia Dogfish Longline,502,2008 Strait of Georgia Dogfish Longline Survey,2008,4356216,48.988466,-123.408083,10/20/2008 14:02,10/20/2008 16:00,275,1,2,300,0.006689019,NA,194
76,Strait of Georgia Dogfish Longline,502,2008 Strait of Georgia Dogfish Longline Survey,2008,4356218,49.176516,-123.329033,10/21/2008 9:37,10/21/2008 11:47,154,1,2,300,0.006689019,NA,201
76,Strait of Georgia Dogfish Longline,502,2008 Strait of Georgia Dogfish Longline Survey,2008,4356220,49.189816,-123.304683,10/21/2008 14:11,10/21/2008 16:10,97,1,2,300,0.006689019,NA,84
76,Strait of Georgia Dogfish Longline,502,2008 Strait of Georgia Dogfish Longline Survey,2008,4356222,49.38505,-124.3384,10/22/2008 9:23,10/22/2008 11:20,233,1,2,400,0.008918692,NA,282
76,Strait of Georgia Dogfish Longline,501,2005 Strait of Georgia Dogfish Longline Survey,2005,4356225,49.558083,-124.59,NA,10/19/2005 9:47,180,1,2,400,0.008918692,NA,220
76,Strait of Georgia Dogfish Longline,501,2005 Strait of Georgia Dogfish Longline Survey,2005,4356227,49.552283,-124.639216,NA,10/19/2005 15:32,90,1,2,480,0.01070243,NA,259
76,Strait of Georgia Dogfish Longline,499,1989 Strait of Georgia Dogfish Longline Survey,1989,3369573,49.531666,-124.6,10/16/1989 14:10,10/16/1989 16:40,38,3,NA,500,0.011148365,NA,58
76,Strait of Georgia Dogfish Longline,499,1989 Strait of Georgia Dogfish Longline Survey,1989,3369544,49.185833,-123.761666,10/10/1989 15:17,10/10/1989 17:33,121,3,NA,500,0.011148365,2,172
76,Strait of Georgia Dogfish Longline,499,1989 Strait of Georgia Dogfish Longline Survey,1989,3369545,49.065666,-123.576833,10/11/1989 8:00,10/11/1989 10:05,205,3,NA,500,0.011148365,NA,107
76,Strait of Georgia Dogfish Longline,499,1989 Strait of Georgia Dogfish Longline Survey,1989,3369550,48.919,-123.3815,10/12/1989 8:14,10/12/1989 11:05,59,3,NA,500,0.011148365,NA,113
76,Strait of Georgia Dogfish Longline,499,1989 Strait of Georgia Dogfish Longline Survey,1989,3369552,48.933333,-123.355,10/12/1989 12:06,10/12/1989 14:45,187,3,NA,500,0.011148365,NA,181
76,Strait of Georgia Dogfish Longline,499,1989 Strait of Georgia Dogfish Longline Survey,1989,3369553,48.976833,-123.410166,10/12/1989 13:47,10/12/1989 16:00,232,3,NA,500,0.011148365,NA,107
76,Strait of Georgia Dogfish Longline,499,1989 Strait of Georgia Dogfish Longline Survey,1989,3369556,49.186,-123.3155,10/13/1989 10:32,10/13/1989 13:15,122,3,NA,500,0.011148365,NA,231
76,Strait of Georgia Dogfish Longline,499,1989 Strait of Georgia Dogfish Longline Survey,1989,3369558,49.199666,-123.3685,10/13/1989 14:35,10/13/1989 16:45,231,3,NA,500,0.011148365,NA,254
76,Strait of Georgia Dogfish Longline,499,1989 Strait of Georgia Dogfish Longline Survey,1989,3369566,49.384,-124.339333,10/15/1989 10:15,10/15/1989 12:24,220,3,NA,500,0.011148365,NA,151
76,Strait of Georgia Dogfish Longline,499,1989 Strait of Georgia Dogfish Longline Survey,1989,3369568,49.362666,-124.324833,10/15/1989 13:50,10/15/1989 15:56,113,3,NA,500,0.011148365,2,152
76,Strait of Georgia Dogfish Longline,498,1986 Strait of Georgia Dogfish Longline Survey,1986,3369529,49.864,-124.764666,10/28/1986 7:20,10/28/1986 10:05,49,3,NA,500,0.011148365,1,181
76,Strait of Georgia Dogfish Longline,498,1986 Strait of Georgia Dogfish Longline Survey,1986,3369530,49.858666,-124.767166,10/28/1986 9:28,10/28/1986 11:58,101,3,NA,500,0.011148365,1,135
76,Strait of Georgia Dogfish Longline,498,1986 Strait of Georgia Dogfish Longline Survey,1986,3369537,49.379166,-123.715833,10/29/1986 16:09,10/29/1986 18:22,88,3,NA,500,0.011148365,4,58
76,Strait of Georgia Dogfish Longline,498,1986 Strait of Georgia Dogfish Longline Survey,1986,3369540,49.175166,-123.761166,10/30/1986 10:50,10/30/1986 13:07,29,3,NA,500,0.011148365,NA,27
76,Strait of Georgia Dogfish Longline,499,1989 Strait of Georgia Dogfish Longline Survey,1989,3369585,49.694833,-124.274166,10/19/1989 9:15,10/19/1989 11:20,55,3,NA,500,0.011148365,NA,188
76,Strait of Georgia Dogfish Longline,499,1989 Strait of Georgia Dogfish Longline Survey,1989,3369597,49.8745,-125.041,10/23/1989 13:13,10/23/1989 15:58,135,3,NA,500,0.011148365,1,134
76,Strait of Georgia Dogfish Longline,499,1989 Strait of Georgia Dogfish Longline Survey,1989,3369603,49.783166,-124.837,10/24/1989 14:37,10/24/1989 16:41,243,3,NA,500,0.011148365,NA,131
76,Strait of Georgia Dogfish Longline,499,1989 Strait of Georgia Dogfish Longline Survey,1989,3369606,49.486166,-124.0285,10/25/1989 11:30,10/25/1989 14:14,104,3,NA,500,0.011148365,1,241
76,Strait of Georgia Dogfish Longline,499,1989 Strait of Georgia Dogfish Longline Survey,1989,3369608,49.4905,-124.044166,10/25/1989 15:30,10/25/1989 17:27,110,3,NA,500,0.011148365,1,192
76,Strait of Georgia Dogfish Longline,498,1986 Strait of Georgia Dogfish Longline Survey,1986,3369467,49.186333,-123.788333,10/15/1986 15:14,10/15/1986 17:14,154,3,NA,500,0.011148365,NA,227
76,Strait of Georgia Dogfish Longline,498,1986 Strait of Georgia Dogfish Longline Survey,1986,3369474,48.919,-123.381666,10/17/1986 8:19,10/17/1986 10:53,53,3,NA,500,0.011148365,1,126
76,Strait of Georgia Dogfish Longline,498,1986 Strait of Georgia Dogfish Longline Survey,1986,3369527,49.701333,-124.288666,10/27/1986 16:42,10/27/1986 18:59,55,3,NA,500,0.011148365,NA,153
76,Strait of Georgia Dogfish Longline,499,1989 Strait of Georgia Dogfish Longline Survey,1989,3369570,49.537833,-124.615,10/16/1989 9:25,10/16/1989 11:38,40,3,NA,500,0.011148365,NA,59
76,Strait of Georgia Dogfish Longline,499,1989 Strait of Georgia Dogfish Longline Survey,1989,3369575,49.671,-124.628333,10/17/1989 8:55,10/17/1989 11:10,177,3,NA,500,0.011148365,4,142
76,Strait of Georgia Dogfish Longline,499,1989 Strait of Georgia Dogfish Longline Survey,1989,3369551,48.924,-123.3745,10/12/1989 10:35,10/12/1989 12:45,126,3,NA,500,0.011148365,NA,102
76,Strait of Georgia Dogfish Longline,499,1989 Strait of Georgia Dogfish Longline Survey,1989,3369555,49.184666,-123.302,10/13/1989 8:10,10/13/1989 10:53,73,3,NA,500,0.011148365,NA,180
76,Strait of Georgia Dogfish Longline,499,1989 Strait of Georgia Dogfish Longline Survey,1989,3369557,49.191333,-123.3365,10/13/1989 12:45,10/13/1989 15:15,173,3,NA,500,0.011148365,NA,239
76,Strait of Georgia Dogfish Longline,499,1989 Strait of Georgia Dogfish Longline Survey,1989,3369559,49.3895,-123.656166,10/14/1989 7:07,10/14/1989 9:32,178,3,NA,500,0.011148365,NA,204
76,Strait of Georgia Dogfish Longline,499,1989 Strait of Georgia Dogfish Longline Survey,1989,3369564,49.385833,-124.337333,10/15/1989 7:15,10/15/1989 9:20,254,3,NA,500,0.011148365,NA,124
76,Strait of Georgia Dogfish Longline,499,1989 Strait of Georgia Dogfish Longline Survey,1989,3369565,49.357666,-124.348,10/15/1989 8:30,10/15/1989 10:45,64,3,NA,500,0.011148365,4,142
76,Strait of Georgia Dogfish Longline,499,1989 Strait of Georgia Dogfish Longline Survey,1989,3369567,49.36,-124.3675,10/15/1989 11:55,10/15/1989 14:25,27,3,NA,500,0.011148365,NA,186
76,Strait of Georgia Dogfish Longline,499,1989 Strait of Georgia Dogfish Longline Survey,1989,3369569,49.535666,-124.597333,10/16/1989 8:05,10/16/1989 10:27,121,3,NA,500,0.011148365,NA,76
76,Strait of Georgia Dogfish Longline,498,1986 Strait of Georgia Dogfish Longline Survey,1986,3369531,49.837,-124.756833,10/28/1986 11:14,10/28/1986 13:29,178,3,NA,500,0.011148365,NA,129
76,Strait of Georgia Dogfish Longline,498,1986 Strait of Georgia Dogfish Longline Survey,1986,3369536,49.49,-124.0425,10/29/1986 11:23,10/29/1986 13:42,99,3,NA,500,0.011148365,1,85
76,Strait of Georgia Dogfish Longline,498,1986 Strait of Georgia Dogfish Longline Survey,1986,3369538,49.181166,-123.763333,10/30/1986 6:56,10/30/1986 9:26,66,3,NA,500,0.011148365,NA,119
76,Strait of Georgia Dogfish Longline,498,1986 Strait of Georgia Dogfish Longline Survey,1986,3369541,49.188833,-123.765166,10/30/1986 11:47,10/30/1986 14:09,161,3,NA,500,0.011148365,6,124
76,Strait of Georgia Dogfish Longline,453,2014 Strait of Georgia Dogfish Longline Survey,2014,3420685,49.5738,-124.60285,10/2/2014 9:17,10/2/2014 11:16,174,1,2,300,0.006689019,NA,174
76,Strait of Georgia Dogfish Longline,499,1989 Strait of Georgia Dogfish Longline Survey,1989,3369579,49.679666,-124.633,10/17/1989 16:09,10/17/1989 18:09,216,3,NA,500,0.011148365,5,149
76,Strait of Georgia Dogfish Longline,499,1989 Strait of Georgia Dogfish Longline Survey,1989,3369581,49.8355,-124.726,10/18/1989 8:55,10/18/1989 11:45,161,3,NA,500,0.011148365,12,157
76,Strait of Georgia Dogfish Longline,501,2005 Strait of Georgia Dogfish Longline Survey,2005,4356244,49.711166,-124.30505,NA,10/23/2005 16:24,202,1,2,500,0.011148365,8,320
76,Strait of Georgia Dogfish Longline,501,2005 Strait of Georgia Dogfish Longline Survey,2005,4356245,49.463533,-124.022233,NA,10/24/2005 9:24,182,1,2,500,0.011148365,NA,409
76,Strait of Georgia Dogfish Longline,501,2005 Strait of Georgia Dogfish Longline Survey,2005,4356250,49.048233,-123.586866,NA,10/27/2005 11:49,134,1,2,400,0.008918692,NA,346
76,Strait of Georgia Dogfish Longline,501,2005 Strait of Georgia Dogfish Longline Survey,2005,4356253,48.9177,-123.324616,NA,10/28/2005 10:38,185,1,2,400,0.008918692,NA,303
76,Strait of Georgia Dogfish Longline,501,2005 Strait of Georgia Dogfish Longline Survey,2005,4356254,48.981216,-123.390233,NA,10/28/2005 11:58,255,1,2,385,0.008584241,NA,297
76,Strait of Georgia Dogfish Longline,501,2005 Strait of Georgia Dogfish Longline Survey,2005,4356261,49.356283,-124.329483,NA,10/31/2005 10:14,78,1,2,400,0.008918692,NA,85
76,Strait of Georgia Dogfish Longline,502,2008 Strait of Georgia Dogfish Longline Survey,2008,4356187,49.776616,-124.913233,11/10/2008 8:40,11/10/2008 10:35,68,1,2,300,0.006689019,1,109
76,Strait of Georgia Dogfish Longline,502,2008 Strait of Georgia Dogfish Longline Survey,2008,4356188,49.790533,-124.873883,10/12/2008 9:32,10/12/2008 11:30,157,1,2,300,0.006689019,NA,206
76,Strait of Georgia Dogfish Longline,501,2005 Strait of Georgia Dogfish Longline Survey,2005,4356233,49.80725,-124.7553,NA,10/21/2005 9:57,236,1,2,500,0.011148365,NA,323
76,Strait of Georgia Dogfish Longline,501,2005 Strait of Georgia Dogfish Longline Survey,2005,4356237,49.991566,-125.081666,NA,10/22/2005 9:28,63,1,2,500,0.011148365,NA,363
76,Strait of Georgia Dogfish Longline,453,2014 Strait of Georgia Dogfish Longline Survey,2014,3420645,48.9616,-123.40555,10/9/2014 8:04,10/9/2014 10:07,196,1,2,300,0.006689019,NA,163
76,Strait of Georgia Dogfish Longline,499,1989 Strait of Georgia Dogfish Longline Survey,1989,3369582,49.857166,-124.753833,10/18/1989 10:44,10/18/1989 14:15,104,3,NA,500,0.011148365,3,175
76,Strait of Georgia Dogfish Longline,499,1989 Strait of Georgia Dogfish Longline Survey,1989,3369583,49.811333,-124.755,10/18/1989 13:03,10/18/1989 17:06,234,3,NA,500,0.011148365,NA,107
76,Strait of Georgia Dogfish Longline,499,1989 Strait of Georgia Dogfish Longline Survey,1989,3369587,49.696,-124.282833,10/19/1989 12:03,10/19/1989 14:08,60,3,NA,500,0.011148365,1,179
76,Strait of Georgia Dogfish Longline,499,1989 Strait of Georgia Dogfish Longline Survey,1989,3369589,49.711166,-124.293166,10/19/1989 14:58,10/19/1989 17:10,128,3,NA,500,0.011148365,1,85
76,Strait of Georgia Dogfish Longline,499,1989 Strait of Georgia Dogfish Longline Survey,1989,3369590,49.975833,-125.093833,10/22/1989 12:24,10/22/1989 14:25,178,3,NA,500,0.011148365,NA,144
76,Strait of Georgia Dogfish Longline,499,1989 Strait of Georgia Dogfish Longline Survey,1989,3369592,49.976,-125.095666,10/22/1989 15:16,10/22/1989 17:34,146,3,NA,500,0.011148365,NA,111
76,Strait of Georgia Dogfish Longline,499,1989 Strait of Georgia Dogfish Longline Survey,1989,3369594,49.882,-125.038666,10/23/1989 8:30,10/23/1989 10:49,174,3,NA,500,0.011148365,NA,175
76,Strait of Georgia Dogfish Longline,499,1989 Strait of Georgia Dogfish Longline Survey,1989,3369595,49.8735,-125.052333,10/23/1989 10:00,10/23/1989 12:31,106,3,NA,500,0.011148365,NA,164
76,Strait of Georgia Dogfish Longline,499,1989 Strait of Georgia Dogfish Longline Survey,1989,3369598,49.849666,-125.0705,10/23/1989 15:14,10/23/1989 17:05,27,3,NA,500,0.011148365,NA,205
76,Strait of Georgia Dogfish Longline,499,1989 Strait of Georgia Dogfish Longline Survey,1989,3369601,49.768333,-124.912,10/24/1989 10:57,10/24/1989 13:15,70,3,NA,500,0.011148365,NA,230
76,Strait of Georgia Dogfish Longline,499,1989 Strait of Georgia Dogfish Longline Survey,1989,3369602,49.786666,-124.8545,10/24/1989 12:25,10/24/1989 15:28,187,3,NA,500,0.011148365,NA,160
76,Strait of Georgia Dogfish Longline,499,1989 Strait of Georgia Dogfish Longline Survey,1989,3369604,49.518333,-124.044666,10/25/1989 8:25,10/25/1989 10:31,27,3,NA,500,0.011148365,NA,11
76,Strait of Georgia Dogfish Longline,499,1989 Strait of Georgia Dogfish Longline Survey,1989,3369610,49.189166,-123.766666,10/26/1989 12:04,10/26/1989 13:27,72,3,NA,500,0.011148365,3,20
76,Strait of Georgia Dogfish Longline,499,1989 Strait of Georgia Dogfish Longline Survey,1989,3369599,49.754833,-124.930333,10/24/1989 7:50,10/24/1989 9:57,33,3,NA,500,0.011148365,NA,240
76,Strait of Georgia Dogfish Longline,498,1986 Strait of Georgia Dogfish Longline Survey,1986,3369468,49.065833,-123.601333,10/16/1986 7:53,10/16/1986 10:38,121,3,NA,500,0.011148365,2,133
76,Strait of Georgia Dogfish Longline,498,1986 Strait of Georgia Dogfish Longline Survey,1986,3369469,49.056,-123.613833,10/16/1986 9:08,10/16/1986 12:23,101,3,NA,500,0.011148365,6,102
76,Strait of Georgia Dogfish Longline,498,1986 Strait of Georgia Dogfish Longline Survey,1986,3369470,49.064166,-123.575,10/16/1986 11:45,10/16/1986 14:00,201,3,NA,500,0.011148365,NA,90
76,Strait of Georgia Dogfish Longline,498,1986 Strait of Georgia Dogfish Longline Survey,1986,3369471,49.205,-123.5475,10/16/1986 14:55,10/16/1986 17:10,256,3,NA,500,0.011148365,NA,84
76,Strait of Georgia Dogfish Longline,498,1986 Strait of Georgia Dogfish Longline Survey,1986,3369472,49.0055,-123.5554,10/16/1986 16:00,10/16/1986 18:20,9,3,NA,500,0.011148365,NA,2
76,Strait of Georgia Dogfish Longline,498,1986 Strait of Georgia Dogfish Longline Survey,1986,3369473,48.908333,-123.353666,10/17/1986 7:38,10/17/1986 9:52,16,3,NA,500,0.011148365,NA,2
76,Strait of Georgia Dogfish Longline,498,1986 Strait of Georgia Dogfish Longline Survey,1986,3369477,48.986,-123.417,10/17/1986 16:04,10/17/1986 18:25,241,3,NA,500,0.011148365,NA,113
76,Strait of Georgia Dogfish Longline,502,2008 Strait of Georgia Dogfish Longline Survey,2008,4356197,49.7106,-124.291766,10/15/2008 7:17,10/15/2008 9:17,119,1,2,300,0.006689019,NA,176
76,Strait of Georgia Dogfish Longline,502,2008 Strait of Georgia Dogfish Longline Survey,2008,4356198,49.712633,-124.304833,10/15/2008 8:05,10/15/2008 10:00,190,1,2,300,0.006689019,1,220
76,Strait of Georgia Dogfish Longline,502,2008 Strait of Georgia Dogfish Longline Survey,2008,4356199,49.719166,-124.311533,10/15/2008 11:14,10/15/2008 13:14,238,1,2,300,0.006689019,NA,218
76,Strait of Georgia Dogfish Longline,502,2008 Strait of Georgia Dogfish Longline Survey,2008,4356201,49.475016,-124.051816,10/17/2008 8:58,10/17/2008 11:00,247,1,2,300,0.006689019,NA,218
76,Strait of Georgia Dogfish Longline,502,2008 Strait of Georgia Dogfish Longline Survey,2008,4356202,49.4735,-124.04185,10/17/2008 10:08,10/17/2008 12:15,182,1,2,300,0.006689019,NA,228
76,Strait of Georgia Dogfish Longline,502,2008 Strait of Georgia Dogfish Longline Survey,2008,4356207,49.3759,-124.33165,10/18/2008 12:52,10/18/2008 14:53,184,1,2,300,0.006689019,1,174
76,Strait of Georgia Dogfish Longline,502,2008 Strait of Georgia Dogfish Longline Survey,2008,4356208,49.374283,-124.339966,10/18/2008 13:57,10/18/2008 15:55,135,1,2,300,0.006689019,5,39
76,Strait of Georgia Dogfish Longline,502,2008 Strait of Georgia Dogfish Longline Survey,2008,4356211,49.092883,-123.621566,10/19/2008 13:17,10/19/2008 15:20,144,1,2,300,0.006689019,1,117
76,Strait of Georgia Dogfish Longline,502,2008 Strait of Georgia Dogfish Longline Survey,2008,4356212,49.081033,-123.578683,10/19/2008 14:20,10/19/2008 16:24,227,1,2,300,0.006689019,NA,188
76,Strait of Georgia Dogfish Longline,502,2008 Strait of Georgia Dogfish Longline Survey,2008,4356213,48.929316,-123.387866,10/20/2008 8:05,10/20/2008 10:03,162,1,2,300,0.006689019,NA,188
76,Strait of Georgia Dogfish Longline,502,2008 Strait of Georgia Dogfish Longline Survey,2008,4356217,49.1827,-123.3821,10/21/2008 8:40,10/21/2008 10:39,247,1,2,300,0.006689019,NA,200
76,Strait of Georgia Dogfish Longline,502,2008 Strait of Georgia Dogfish Longline Survey,2008,4356221,49.350016,-124.311,10/22/2008 8:11,10/22/2008 10:09,72,1,2,400,0.008918692,NA,74
76,Strait of Georgia Dogfish Longline,502,2008 Strait of Georgia Dogfish Longline Survey,2008,4356223,49.369283,-124.315983,10/22/2008 13:11,10/22/2008 15:09,183,1,2,400,0.008918692,NA,143
76,Strait of Georgia Dogfish Longline,502,2008 Strait of Georgia Dogfish Longline Survey,2008,4356224,49.368966,-124.3266,10/22/2008 14:21,10/22/2008 16:12,139,1,2,400,0.008918692,7,41
76,Strait of Georgia Dogfish Longline,501,2005 Strait of Georgia Dogfish Longline Survey,2005,4356226,49.543,-124.607183,NA,10/19/2005 11:03,130,1,2,449,0.010011232,NA,325
76,Strait of Georgia Dogfish Longline,499,1989 Strait of Georgia Dogfish Longline Survey,1989,3369542,49.185,-123.783333,10/10/1989 11:42,10/10/1989 13:59,55,3,NA,500,0.011148365,NA,186
76,Strait of Georgia Dogfish Longline,499,1989 Strait of Georgia Dogfish Longline Survey,1989,3369543,49.174166,-123.778166,10/10/1989 12:44,10/10/1989 15:45,9,3,NA,500,0.011148365,NA,190
76,Strait of Georgia Dogfish Longline,499,1989 Strait of Georgia Dogfish Longline Survey,1989,3369549,48.908833,-123.355,10/12/1989 7:15,10/12/1989 9:45,27,3,NA,500,0.011148365,NA,2
76,Strait of Georgia Dogfish Longline,499,1989 Strait of Georgia Dogfish Longline Survey,1989,3369554,49.175333,-123.2975,10/13/1989 7:20,10/13/1989 9:29,42,3,NA,500,0.011148365,NA,233
76,Strait of Georgia Dogfish Longline,499,1989 Strait of Georgia Dogfish Longline Survey,1989,3369560,49.380833,-123.7225,10/14/1989 8:01,10/14/1989 11:24,106,3,NA,500,0.011148365,NA,198
76,Strait of Georgia Dogfish Longline,499,1989 Strait of Georgia Dogfish Longline Survey,1989,3369561,49.383333,-123.747333,10/14/1989 10:44,10/14/1989 13:05,135,3,NA,500,0.011148365,1,218
76,Strait of Georgia Dogfish Longline,499,1989 Strait of Georgia Dogfish Longline Survey,1989,3369562,49.3385,-123.723833,10/14/1989 14:25,10/14/1989 16:35,37,3,NA,500,0.011148365,2,212
76,Strait of Georgia Dogfish Longline,499,1989 Strait of Georgia Dogfish Longline Survey,1989,3369563,49.341833,-123.769166,10/14/1989 15:00,10/14/1989 17:35,238,3,NA,500,0.011148365,NA,131
76,Strait of Georgia Dogfish Longline,498,1986 Strait of Georgia Dogfish Longline Survey,1986,3369539,49.192,-123.757166,10/30/1986 7:56,10/30/1986 10:56,187,3,NA,500,0.011148365,NA,111
76,Strait of Georgia Dogfish Longline,542,2019 Strait of Georgia Longline Dogfish Survey,2019,116343,49.52945,-124.579016,50:25.0,36:46.0,68,1,1,294,0.06555238502399999,18,3
76,Strait of Georgia Dogfish Longline,542,2019 Strait of Georgia Longline Dogfish Survey,2019,116345,49.545033,-124.591816,05:03.0,53:50.0,136,1,1,299,0.066667221504,15,57
76,Strait of Georgia Dogfish Longline,542,2019 Strait of Georgia Longline Dogfish Survey,2019,117260,49.581116,-124.612883,29:38.0,17:44.0,174,1,1,306,0.068227992576,0,207
76,Strait of Georgia Dogfish Longline,542,2019 Strait of Georgia Longline Dogfish Survey,2019,120031,49.693516,-124.27925,57:14.0,44:44.0,70,1,1,298,0.06644425420799999,1,15
76,Strait of Georgia Dogfish Longline,542,2019 Strait of Georgia Longline Dogfish Survey,2019,120033,49.703416,-124.306116,10:53.0,58:00.0,229,1,1,295,0.06577535232,0,205
76,Strait of Georgia Dogfish Longline,542,2019 Strait of Georgia Longline Dogfish Survey,2019,122193,49.6851,-124.295933,59:33.0,48:16.0,222,1,1,305,0.06800502527999999,2,190
76,Strait of Georgia Dogfish Longline,542,2019 Strait of Georgia Longline Dogfish Survey,2019,122195,49.711366,-124.297366,53:26.0,42:42.0,130,1,1,298,0.06644425420799999,18,96
76,Strait of Georgia Dogfish Longline,542,2019 Strait of Georgia Longline Dogfish Survey,2019,124049,49.844216,-124.723583,17:37.0,07:12.0,140,1,1,298,0.06644425420799999,1,219
76,Strait of Georgia Dogfish Longline,542,2019 Strait of Georgia Longline Dogfish Survey,2019,124365,49.829633,-124.746016,28:32.0,16:23.0,179,1,1,298,0.06644425420799999,0,226
76,Strait of Georgia Dogfish Longline,542,2019 Strait of Georgia Longline Dogfish Survey,2019,124675,49.859066,-124.7518,01:45.0,51:56.0,99,1,1,298,0.06644425420799999,8,44
76,Strait of Georgia Dogfish Longline,542,2019 Strait of Georgia Longline Dogfish Survey,2019,125603,49.996333,-125.082933,05:04.0,53:52.0,233,1,1,300,0.0668901888,0,201
76,Strait of Georgia Dogfish Longline,542,2019 Strait of Georgia Longline Dogfish Survey,2019,126223,49.988683,-125.104016,15:45.0,04:36.0,138,1,1,297,0.066221286912,0,208
76,Strait of Georgia Dogfish Longline,542,2019 Strait of Georgia Longline Dogfish Survey,2019,127458,49.979833,-125.111316,38:54.0,28:12.0,61,1,1,303,0.06755909068799999,0,12
76,Strait of Georgia Dogfish Longline,542,2019 Strait of Georgia Longline Dogfish Survey,2019,127771,49.985583,-125.099916,49:23.0,39:05.0,152,1,1,300,0.0668901888,8,40
76,Strait of Georgia Dogfish Longline,542,2019 Strait of Georgia Longline Dogfish Survey,2019,129327,49.811082999999996,-124.755783,57:58.0,44:36.0,221,1,1,302,0.067336123392,0,217
76,Strait of Georgia Dogfish Longline,542,2019 Strait of Georgia Longline Dogfish Survey,2019,129952,49.783083,-124.837733,08:43.0,56:42.0,219,1,1,298,0.06644425420799999,0,211
76,Strait of Georgia Dogfish Longline,542,2019 Strait of Georgia Longline Dogfish Survey,2019,131197,49.7817,-124.86915,15:28.0,04:41.0,149,1,1,303,0.06755909068799999,0,242
76,Strait of Georgia Dogfish Longline,542,2019 Strait of Georgia Longline Dogfish Survey,2019,131199,49.767633,-124.891066,21:20.0,10:27.0,67,1,1,299,0.066667221504,7,108
76,Strait of Georgia Dogfish Longline,542,2019 Strait of Georgia Longline Dogfish Survey,2019,131821,49.788433,-124.857016,11:05.0,00:58.0,181,1,1,299,0.066667221504,0,235
76,Strait of Georgia Dogfish Longline,542,2019 Strait of Georgia Longline Dogfish Survey,2019,134017,49.357383,-124.308633,39:15.0,27:27.0,116,1,1,297,0.066221286912,0,15
76,Strait of Georgia Dogfish Longline,542,2019 Strait of Georgia Longline Dogfish Survey,2019,134647,49.355233,-124.3271,57:53.0,46:16.0,63,1,1,302,0.067336123392,0,11
76,Strait of Georgia Dogfish Longline,542,2019 Strait of Georgia Longline Dogfish Survey,2019,136217,49.372583,-124.329533,46:05.0,34:38.0,163,1,1,302,0.067336123392,1,97
76,Strait of Georgia Dogfish Longline,542,2019 Strait of Georgia Longline Dogfish Survey,2019,136844,49.383716,-124.325433,52:23.0,41:43.0,258,1,1,298,0.06644425420799999,0,115
76,Strait of Georgia Dogfish Longline,542,2019 Strait of Georgia Longline Dogfish Survey,2019,138099,49.498466,-124.0473,40:05.0,31:16.0,78,1,1,295,0.06577535232,5,17
76,Strait of Georgia Dogfish Longline,542,2019 Strait of Georgia Longline Dogfish Survey,2019,139033,49.478016,-124.06335,36:05.0,26:22.0,288,1,1,298,0.06644425420799999,0,208
76,Strait of Georgia Dogfish Longline,542,2019 Strait of Georgia Longline Dogfish Survey,2019,140906,49.4804,-124.032666,59:34.0,49:29.0,141,1,1,300,0.0668901888,1,132
76,Strait of Georgia Dogfish Longline,542,2019 Strait of Georgia Longline Dogfish Survey,2019,141527,49.468283,-124.033583,01:05.0,50:37.0,185,1,1,296,0.06599831961599999,0,207
76,Strait of Georgia Dogfish Longline,542,2019 Strait of Georgia Longline Dogfish Survey,2019,143401,49.135333,-123.308116,22:34.0,13:04.0,83,1,1,297,0.066221286912,0,45
76,Strait of Georgia Dogfish Longline,542,2019 Strait of Georgia Longline Dogfish Survey,2019,143403,49.189333,-123.381133,30:03.0,20:14.0,249,1,1,301,0.06711315609599999,0,222
76,Strait of Georgia Dogfish Longline,542,2019 Strait of Georgia Longline Dogfish Survey,2019,146517,49.171766,-123.3494,20:05.0,09:24.0,191,1,1,295,0.06577535232,0,208
76,Strait of Georgia Dogfish Longline,542,2019 Strait of Georgia Longline Dogfish Survey,2019,147448,49.147266,-123.3264,24:31.0,14:20.0,136,1,1,299,0.066667221504,0,117
76,Strait of Georgia Dogfish Longline,542,2019 Strait of Georgia Longline Dogfish Survey,2019,151176,48.9409,-123.422766,36:49.0,26:27.0,102,1,1,298,0.06644425420799999,0,231
76,Strait of Georgia Dogfish Longline,542,2019 Strait of Georgia Longline Dogfish Survey,2019,151178,48.935383,-123.400633,30:31.0,19:45.0,133,1,1,294,0.06555238502399999,0,250
76,Strait of Georgia Dogfish Longline,542,2019 Strait of Georgia Longline Dogfish Survey,2019,152105,48.98085,-123.3888,16:51.0,06:36.0,252,1,1,293,0.065329417728,0,192
76,Strait of Georgia Dogfish Longline,542,2019 Strait of Georgia Longline Dogfish Survey,2019,152724,48.958,-123.4008,26:21.0,15:11.0,192,1,1,301,0.06711315609599999,0,206
76,Strait of Georgia Dogfish Longline,542,2019 Strait of Georgia Longline Dogfish Survey,2019,153649,48.9988,-123.542833,38:25.0,26:58.0,56,1,1,297,0.066221286912,0,131
76,Strait of Georgia Dogfish Longline,542,2019 Strait of Georgia Longline Dogfish Survey,2019,153651,49.022583,-123.532366,42:10.0,31:03.0,186,1,1,297,0.066221286912,0,221
76,Strait of Georgia Dogfish Longline,542,2019 Strait of Georgia Longline Dogfish Survey,2019,154575,49.061683,-123.598416,15:05.0,04:03.0,125,1,1,299,0.066667221504,0,34
76,Strait of Georgia Dogfish Longline,542,2019 Strait of Georgia Longline Dogfish Survey,2019,155195,49.07665,-123.569316,15:51.0,05:10.0,230,1,1,300,0.0668901888,0,211
76,Strait of Georgia Dogfish Longline,NA,2004 Strait of Georgia Dogfish Longline Survey,2004,NA,49.538333333333334,-124.6025,11/13/2004 7:15,11/13/2004 9:19,53,1,NA,250,0.055741823999999995,0,13
76,Strait of Georgia Dogfish Longline,NA,2004 Strait of Georgia Dogfish Longline Survey,2004,NA,49.538333333333334,-124.6025,11/13/2004 7:15,11/13/2004 9:19,53,3,NA,250,0.055741823999999995,0,12
76,Strait of Georgia Dogfish Longline,NA,2004 Strait of Georgia Dogfish Longline Survey,2004,NA,49.538666666666664,-124.61866666666667,11/13/2004 8:49,11/13/2004 11:13,91.4,1,NA,250,0.055741823999999995,0,24
76,Strait of Georgia Dogfish Longline,NA,2004 Strait of Georgia Dogfish Longline Survey,2004,NA,49.538666666666664,-124.61866666666667,11/13/2004 8:49,11/13/2004 11:13,91.4,3,NA,250,0.055741823999999995,0,2
76,Strait of Georgia Dogfish Longline,NA,2004 Strait of Georgia Dogfish Longline Survey,2004,NA,49.5345,-124.58783333333334,11/13/2004 10:52,11/13/2004 13:39,144.9,1,NA,250,0.055741823999999995,1,90
76,Strait of Georgia Dogfish Longline,NA,2004 Strait of Georgia Dogfish Longline Survey,2004,NA,49.5345,-124.58783333333334,11/13/2004 10:52,11/13/2004 13:39,144.9,3,NA,250,0.055741823999999995,0,38
76,Strait of Georgia Dogfish Longline,NA,2004 Strait of Georgia Dogfish Longline Survey,2004,NA,49.56633333333333,-124.6045,11/13/2004 13:00,11/13/2004 15:01,175.6,1,NA,250,0.055741823999999995,0,132
76,Strait of Georgia Dogfish Longline,NA,2004 Strait of Georgia Dogfish Longline Survey,2004,NA,49.56633333333333,-124.6045,11/13/2004 13:00,11/13/2004 15:01,175.6,3,NA,250,0.055741823999999995,0,68
76,Strait of Georgia Dogfish Longline,NA,2004 Strait of Georgia Dogfish Longline Survey,2004,NA,49.7075,-124.3055,11/15/2004 12:45,11/15/2004 14:53,220,1,NA,250,0.055741823999999995,2,91
76,Strait of Georgia Dogfish Longline,NA,2004 Strait of Georgia Dogfish Longline Survey,2004,NA,49.7075,-124.3055,11/15/2004 12:45,11/15/2004 14:53,220,3,NA,250,0.055741823999999995,0,56
76,Strait of Georgia Dogfish Longline,NA,2004 Strait of Georgia Dogfish Longline Survey,2004,NA,49.72416666666667,-124.3045,11/15/2004 14:11,11/15/2004 17:09,150,1,NA,250,0.055741823999999995,0,27
76,Strait of Georgia Dogfish Longline,NA,2004 Strait of Georgia Dogfish Longline Survey,2004,NA,49.72416666666667,-124.3045,11/15/2004 14:11,11/15/2004 17:09,150,3,NA,250,0.055741823999999995,0,13
76,Strait of Georgia Dogfish Longline,NA,2004 Strait of Georgia Dogfish Longline Survey,2004,NA,49.69683333333333,-124.28383333333333,11/15/2004 16:41,11/15/2004 18:50,73.2,1,NA,250,0.055741823999999995,1,23
76,Strait of Georgia Dogfish Longline,NA,2004 Strait of Georgia Dogfish Longline Survey,2004,NA,49.69683333333333,-124.28383333333333,11/15/2004 4:41,11/15/2004 18:50,73.2,3,NA,250,0.055741823999999995,1,9
76,Strait of Georgia Dogfish Longline,NA,2004 Strait of Georgia Dogfish Longline Survey,2004,NA,49.703833333333336,-124.27433333333333,11/15/2004 18:30,11/15/2004 20:40,54.9,1,NA,250,0.055741823999999995,0,0
76,Strait of Georgia Dogfish Longline,NA,2004 Strait of Georgia Dogfish Longline Survey,2004,NA,49.703833333333336,-124.27433333333333,11/15/2004 18:30,11/15/2004 20:40,54.9,3,NA,250,0.055741823999999995,0,3
76,Strait of Georgia Dogfish Longline,NA,2004 Strait of Georgia Dogfish Longline Survey,2004,NA,49.4695,-124.03783333333334,11/17/2004 6:11,11/17/2004 8:23,195.7,1,NA,250,0.055741823999999995,12,120
76,Strait of Georgia Dogfish Longline,NA,2004 Strait of Georgia Dogfish Longline Survey,2004,NA,49.4695,-124.03783333333334,11/17/2004 6:11,11/17/2004 8:23,195.7,3,NA,250,0.055741823999999995,0,51
76,Strait of Georgia Dogfish Longline,NA,2004 Strait of Georgia Dogfish Longline Survey,2004,NA,49.4975,-124.04583333333333,11/17/2004 7:33,11/17/2004 10:32,75,1,NA,250,0.055741823999999995,0,11
76,Strait of Georgia Dogfish Longline,NA,2004 Strait of Georgia Dogfish Longline Survey,2004,NA,49.4975,-124.04583333333333,11/17/2004 7:33,11/17/2004 10:32,75,3,NA,250,0.055741823999999995,1,30
76,Strait of Georgia Dogfish Longline,NA,2004 Strait of Georgia Dogfish Longline Survey,2004,NA,49.51583333333333,-124.04633333333334,11/17/2004 10:16,11/17/2004 12:03,34.7,1,NA,250,0.055741823999999995,0,1
76,Strait of Georgia Dogfish Longline,NA,2004 Strait of Georgia Dogfish Longline Survey,2004,NA,49.51583333333333,-124.04633333333334,11/17/2004 10:16,11/17/2004 12:03,34.7,3,NA,250,0.055741823999999995,0,0
76,Strait of Georgia Dogfish Longline,NA,2004 Strait of Georgia Dogfish Longline Survey,2004,NA,49.38216666666667,-123.723,11/19/2004 8:29,11/19/2004 10:35,109.7,1,NA,250,0.055741823999999995,0,55
76,Strait of Georgia Dogfish Longline,NA,2004 Strait of Georgia Dogfish Longline Survey,2004,NA,49.38216666666667,-123.723,11/19/2004 8:29,11/19/2004 10:35,109.7,3,NA,250,0.055741823999999995,0,28
76,Strait of Georgia Dogfish Longline,NA,2004 Strait of Georgia Dogfish Longline Survey,2004,NA,49.37866666666667,-123.72716666666666,11/19/2004 9:47,11/19/2004 12:03,113.4,1,NA,250,0.055741823999999995,0,64
76,Strait of Georgia Dogfish Longline,NA,2004 Strait of Georgia Dogfish Longline Survey,2004,NA,49.37866666666667,-123.72716666666666,11/19/2004 9:47,11/19/2004 12:03,113.4,3,NA,250,0.055741823999999995,0,72
76,Strait of Georgia Dogfish Longline,NA,2004 Strait of Georgia Dogfish Longline Survey,2004,NA,49.36183333333334,-123.72983333333333,11/19/2004  13:24:00 PM,11/19/2004  15:36:00 PM,182.9,1,NA,250,0.055741823999999995,0,154
76,Strait of Georgia Dogfish Longline,NA,2004 Strait of Georgia Dogfish Longline Survey,2004,NA,49.36183333333334,-123.72983333333333,11/19/2004  13:24:00 PM,11/19/2004  15:36:00 PM,182.9,3,NA,250,0.055741823999999995,0,90
76,Strait of Georgia Dogfish Longline,NA,2004 Strait of Georgia Dogfish Longline Survey,2004,NA,49.34016666666667,-123.71166666666667,11/19/2004  14:29:00 PM,11/19/2004  16:52:00 PM,91.4,1,NA,250,0.055741823999999995,2,14
76,Strait of Georgia Dogfish Longline,NA,2004 Strait of Georgia Dogfish Longline Survey,2004,NA,49.34016666666667,-123.71166666666667,11/19/2004  14:29:00 PM,11/19/2004  16:52:00 PM,91.4,3,NA,250,0.055741823999999995,0,12
76,Strait of Georgia Dogfish Longline,NA,2004 Strait of Georgia Dogfish Longline Survey,2004,NA,49.0935,-123.59233333333333,11/20/2004 7:38,11/20/2004 9:57,239.6,1,NA,250,0.055741823999999995,0,140
76,Strait of Georgia Dogfish Longline,NA,2004 Strait of Georgia Dogfish Longline Survey,2004,NA,49.0935,-123.59233333333333,11/20/2004 7:38,11/20/2004 9:57,239.6,3,NA,250,0.055741823999999995,0,106
76,Strait of Georgia Dogfish Longline,NA,2004 Strait of Georgia Dogfish Longline Survey,2004,NA,49.06933333333333,-123.6035,11/20/2004 9:02,11/20/2004 11:07,120.7,1,NA,250,0.055741823999999995,4,27
76,Strait of Georgia Dogfish Longline,NA,2004 Strait of Georgia Dogfish Longline Survey,2004,NA,49.06933333333333,-123.6035,11/20/2004 9:02,11/20/2004 11:07,120.7,3,NA,250,0.055741823999999995,0,15
76,Strait of Georgia Dogfish Longline,NA,2004 Strait of Georgia Dogfish Longline Survey,2004,NA,49.01166666666666,-123.56133333333334,11/20/2004 12:51,11/20/2004  15:02:00 PM,45.7,1,NA,250,0.055741823999999995,0,2
76,Strait of Georgia Dogfish Longline,NA,2004 Strait of Georgia Dogfish Longline Survey,2004,NA,49.01166666666666,-123.56133333333334,11/20/2004 12:51,11/20/2004  15:02:00 PM,45.7,3,NA,250,0.055741823999999995,0,0
76,Strait of Georgia Dogfish Longline,NA,2004 Strait of Georgia Dogfish Longline Survey,2004,NA,48.99916666666667,-123.5445,11/20/2004  14:32:00 PM,11/20/2004  16:34:00 PM,64,1,NA,250,0.055741823999999995,1,1
76,Strait of Georgia Dogfish Longline,NA,2004 Strait of Georgia Dogfish Longline Survey,2004,NA,48.99916666666667,-123.5445,11/20/2004  14:32:00 PM,11/20/2004  16:34:00 PM,64,3,NA,250,0.055741823999999995,0,8
76,Strait of Georgia Dogfish Longline,NA,2004 Strait of Georgia Dogfish Longline Survey,2004,NA,49.015166666666666,-123.46866666666666,11/21/2004 7:30,11/21/2004 9:38,239.6,1,NA,250,0.055741823999999995,0,126
76,Strait of Georgia Dogfish Longline,NA,2004 Strait of Georgia Dogfish Longline Survey,2004,NA,49.015166666666666,-123.46866666666666,11/21/2004 7:30,11/21/2004 9:38,239.6,3,NA,250,0.055741823999999995,0,86
76,Strait of Georgia Dogfish Longline,NA,2004 Strait of Georgia Dogfish Longline Survey,2004,NA,49.00416666666667,-123.471,11/21/2004 8:50,11/21/2004 10:58,219.5,1,NA,250,0.055741823999999995,0,130
76,Strait of Georgia Dogfish Longline,NA,2004 Strait of Georgia Dogfish Longline Survey,2004,NA,49.00416666666667,-123.471,11/21/2004 8:50,11/21/2004 10:58,219.5,3,NA,250,0.055741823999999995,0,65
76,Strait of Georgia Dogfish Longline,NA,2004 Strait of Georgia Dogfish Longline Survey,2004,NA,49.01,-123.459,11/21/2004 12:12,11/21/2004  13:48:00 PM,245.1,1,NA,250,0.055741823999999995,0,124
76,Strait of Georgia Dogfish Longline,NA,2004 Strait of Georgia Dogfish Longline Survey,2004,NA,49.01,-123.459,11/21/2004 12:12,11/21/2004  13:48:00 PM,245.1,3,NA,250,0.055741823999999995,0,74
76,Strait of Georgia Dogfish Longline,NA,2004 Strait of Georgia Dogfish Longline Survey,2004,NA,49.158,-123.86333333333333,11/22/2004 8:04,11/22/2004 9:28,69,1,NA,250,0.055741823999999995,4,0
76,Strait of Georgia Dogfish Longline,NA,2004 Strait of Georgia Dogfish Longline Survey,2004,NA,49.158,-123.86333333333333,11/22/2004 8:04,11/22/2004 9:28,69,3,NA,250,0.055741823999999995,3,19
